{
  "conditional_statistical_parity": {
    "competences_coverage_optional": {
      "metric": "Conditional Statistical Parity",
      "status": "success",
      "conditional_variable": "competences_coverage_required",
      "sensitive_feature": "competences_coverage_optional",
      "conditions": {
        "0.25": {
          "0.0": 0.094,
          "0.5": 0.0,
          "1.0": 0.141,
          "raw_difference": 0.141,
          "normalized_score": 0.859,
          "weight": 0.172,
          "total_samples": 861
        },
        "0.3333333333333333": {
          "0.0": 0.946,
          "0.3333333333333333": 0.929,
          "0.5": 1.0,
          "0.6666666666666666": 1.0,
          "1.0": 0.907,
          "raw_difference": 0.093,
          "normalized_score": 0.907,
          "weight": 0.033,
          "total_samples": 165
        },
        "0.5": {
          "0.0": 0.179,
          "0.5": 0.308,
          "1.0": 0.272,
          "raw_difference": 0.128,
          "normalized_score": 0.872,
          "weight": 0.225,
          "total_samples": 1127
        },
        "0.6666666666666666": {
          "0.0": 0.956,
          "0.3333333333333333": 0.944,
          "0.5": 1.0,
          "0.6666666666666666": 0.8,
          "1.0": 0.874,
          "raw_difference": 0.2,
          "normalized_score": 0.8,
          "weight": 0.06,
          "total_samples": 302
        },
        "0.75": {
          "0.0": 0.087,
          "0.3333333333333333": 0.333,
          "0.5": 0.5,
          "1.0": 0.088,
          "raw_difference": 0.413,
          "normalized_score": 0.587,
          "weight": 0.193,
          "total_samples": 967
        },
        "1.0": {
          "0.0": 0.34,
          "0.3333333333333333": 0.889,
          "0.5": 0.7,
          "0.6666666666666666": 0.667,
          "1.0": 0.449,
          "raw_difference": 0.549,
          "normalized_score": 0.451,
          "weight": 0.316,
          "total_samples": 1578
        }
      },
      "disparity_summary": {
        "raw_average": 0.322,
        "raw_max": 0.549,
        "raw_min": 0.093,
        "normalized_average": 0.678,
        "normalized_max": 0.907,
        "normalized_min": 0.451,
        "processed_conditions": 6,
        "total_samples": 5000,
        "final_score": 6.785
      }
    }
  },
  "conditional_use_accuracy_equality": {
    "competences_coverage_required": {
      "metric": "Conditional Use Accuracy Equality",
      "status": "success",
      "sensitive_feature": "competences_coverage_required",
      "accuracy_by_group": {
        "0.25": 0.591,
        "0.3333333333333333": 1.0,
        "0.5": 0.842,
        "0.6666666666666666": 1.0,
        "0.75": 0.674,
        "1.0": 0.948
      },
      "difference": 0.409,
      "normalized_score": 0.591,
      "final_score": 5.914
    },
    "competences_coverage_optional": {
      "metric": "Conditional Use Accuracy Equality",
      "status": "success",
      "sensitive_feature": "competences_coverage_optional",
      "accuracy_by_group": {
        "0.0": 0.916,
        "0.3333333333333333": 0.979,
        "0.5": 0.981,
        "0.6666666666666666": 1.0,
        "1.0": 0.877
      },
      "difference": 0.123,
      "normalized_score": 0.877,
      "final_score": 8.767
    }
  },
  "demographic_parity": {
    "competences_coverage_required": 0.15,
    "competences_coverage_optional": 0.373
  },
  "equal_opportunity": {
    "competences_coverage_required": {
      "metric": "Equal Opportunity",
      "status": "success",
      "sensitive_feature": "competences_coverage_required",
      "tpr_by_group": {
        "0.25": 0.625,
        "0.3333333333333333": 0.939,
        "0.5": 0.493,
        "0.6666666666666666": 0.927,
        "0.75": 0.315,
        "1.0": 0.685
      },
      "difference": 0.376,
      "final_score": 3.758
    },
    "competences_coverage_optional": {
      "metric": "Equal Opportunity",
      "status": "success",
      "sensitive_feature": "competences_coverage_optional",
      "tpr_by_group": {
        "0.0": 0.65,
        "0.3333333333333333": 0.939,
        "0.5": 0.684,
        "0.6666666666666666": 0.8,
        "1.0": 0.671
      },
      "difference": 0.711,
      "final_score": 7.113
    }
  },
  "new_metric": {
    "(global)": {
      "status": "success",
      "metric": "New Metric",
      "used_column": "age_cv",
      "mean": 35.341,
      "median": 32.0,
      "ratio_rule": "mean/median",
      "computed": 1.104,
      "threshold": 0.2,
      "result": 0.2,
      "final_score": 2.0
    }
  },
  "anonymity_set_size": {
    "metric": "Anonymity Set Size",
    "status": "success",
    "average": 200.0,
    "min": 2,
    "max": 1033,
    "unique_combinations": 25,
    "total_records": 5000,
    "sensitive_features": [
      "competences_coverage_required",
      "competences_coverage_optional"
    ],
    "final_score": 9.95,
    "full_results": [
      {
        "competences_coverage_required": 1.0,
        "competences_coverage_optional": 0.0,
        "count": 1033
      },
      {
        "competences_coverage_required": 0.5,
        "competences_coverage_optional": 0.0,
        "count": 730
      },
      {
        "competences_coverage_required": 0.75,
        "competences_coverage_optional": 0.0,
        "count": 654
      },
      {
        "competences_coverage_required": 0.25,
        "competences_coverage_optional": 0.0,
        "count": 594
      },
      {
        "competences_coverage_required": 1.0,
        "competences_coverage_optional": 1.0,
        "count": 481
      },
      {
        "competences_coverage_required": 0.5,
        "competences_coverage_optional": 1.0,
        "count": 371
      },
      {
        "competences_coverage_required": 0.75,
        "competences_coverage_optional": 1.0,
        "count": 308
      },
      {
        "competences_coverage_required": 0.25,
        "competences_coverage_optional": 1.0,
        "count": 262
      },
      {
        "competences_coverage_required": 0.667,
        "competences_coverage_optional": 0.0,
        "count": 180
      },
      {
        "competences_coverage_required": 0.667,
        "competences_coverage_optional": 1.0,
        "count": 95
      },
      {
        "competences_coverage_required": 0.333,
        "competences_coverage_optional": 0.0,
        "count": 92
      },
      {
        "competences_coverage_required": 0.333,
        "competences_coverage_optional": 1.0,
        "count": 43
      },
      {
        "competences_coverage_required": 1.0,
        "competences_coverage_optional": 0.5,
        "count": 40
      },
      {
        "competences_coverage_required": 0.5,
        "competences_coverage_optional": 0.5,
        "count": 26
      },
      {
        "competences_coverage_required": 1.0,
        "competences_coverage_optional": 0.333,
        "count": 18
      },
      {
        "competences_coverage_required": 0.667,
        "competences_coverage_optional": 0.333,
        "count": 18
      },
      {
        "competences_coverage_required": 0.333,
        "competences_coverage_optional": 0.333,
        "count": 14
      },
      {
        "competences_coverage_required": 0.333,
        "competences_coverage_optional": 0.5,
        "count": 12
      },
      {
        "competences_coverage_required": 1.0,
        "competences_coverage_optional": 0.667,
        "count": 6
      },
      {
        "competences_coverage_required": 0.667,
        "competences_coverage_optional": 0.667,
        "count": 5
      },
      {
        "competences_coverage_required": 0.25,
        "competences_coverage_optional": 0.5,
        "count": 5
      },
      {
        "competences_coverage_required": 0.333,
        "competences_coverage_optional": 0.667,
        "count": 4
      },
      {
        "competences_coverage_required": 0.667,
        "competences_coverage_optional": 0.5,
        "count": 4
      },
      {
        "competences_coverage_required": 0.75,