{
  "conditional_statistical_parity": {
    "competences_coverage_required": {
      "metric": "Conditional Statistical Parity",
      "status": "success",
      "conditional_variable": "age_cv",
      "sensitive_feature": "competences_coverage_required",
      "conditions": {
        "16": {
          "0.25": 0.0,
          "0.5": 0.0,
          "0.75": 0.0,
          "1.0": 0.0,
          "raw_difference": 0.0,
          "normalized_score": 1.0,
          "weight": 0.002,
          "total_samples": 10
        },
        "17": {
          "0.25": 0.0,
          "0.5": 0.0,
          "0.75": 0.0,
          "raw_difference": 0.0,
          "normalized_score": 1.0,
          "weight": 0.002,
          "total_samples": 9
        },
        "18": {
          "0.25": 0.0,
          "0.3333333333333333": 1.0,
          "0.5": 0.692,
          "0.6666666666666666": 1.0,
          "0.75": 0.0,
          "1.0": 0.882,
          "raw_difference": 1.0,
          "normalized_score": 0.0,
          "weight": 0.018,
          "total_samples": 88
        },
        "19": {
          "0.25": 0.0,
          "0.3333333333333333": 1.0,
          "0.5": 0.778,
          "0.6666666666666666": 1.0,
          "0.75": 0.0,
          "1.0": 0.9,
          "raw_difference": 1.0,
          "normalized_score": 0.0,
          "weight": 0.016,
          "total_samples": 78
        },
        "20": {
          "0.25": 0.0,
          "0.3333333333333333": 1.0,
          "0.5": 0.704,
          "0.6666666666666666": 1.0,
          "0.75": 0.0,
          "1.0": 0.852,
          "raw_difference": 1.0,
          "normalized_score": 0.0,
          "weight": 0.017,
          "total_samples": 84
        },
        "21": {
          "0.25": 0.0,
          "0.3333333333333333": 1.0,
          "0.5": 0.765,
          "0.6666666666666666": 1.0,
          "0.75": 0.0,
          "1.0": 0.882,
          "raw_difference": 1.0,
          "normalized_score": 0.0,
          "weight": 0.024,
          "total_samples": 119
        },
        "22": {
          "0.25": 0.0,
          "0.3333333333333333": 1.0,
          "0.5": 0.579,
          "0.6666666666666666": 1.0,
          "0.75": 0.0,
          "1.0": 0.738,
          "raw_difference": 1.0,
          "normalized_score": 0.0,
          "weight": 0.025,
          "total_samples": 124
        },
        "23": {
          "0.25": 0.235,
          "0.3333333333333333": 1.0,
          "0.5": 0.795,
          "0.6666666666666666": 1.0,
          "0.75": 0.379,
          "1.0": 0.866,
          "raw_difference": 0.765,
          "normalized_score": 0.235,
          "weight": 0.039,
          "total_samples": 194
        },
        "24": {
          "0.25": 0.19,
          "0.3333333333333333": 1.0,
          "0.5": 0.657,
          "0.6666666666666666": 1.0,
          "0.75": 0.306,
          "1.0": 0.793,
          "raw_difference": 0.81,
          "normalized_score": 0.19,
          "weight": 0.034,
          "total_samples": 169
        },
        "25": {
          "0.25": 0.2,
          "0.3333333333333333": 1.0,
          "0.5": 0.549,
          "0.6666666666666666": 1.0,
          "0.75": 0.429,
          "1.0": 0.73,
          "raw_difference": 0.8,
          "normalized_score": 0.2,
          "weight": 0.043,
          "total_samples": 213
        },
        "26": {
          "0.25": 0.355,
          "0.3333333333333333": 1.0,
          "0.5": 0.551,
          "0.6666666666666666": 1.0,
          "0.75": 0.486,
          "1.0": 0.863,
          "raw_difference": 0.645,
          "normalized_score": 0.355,
          "weight": 0.049,
          "total_samples": 246
        },
        "27": {
          "0.25": 0.4,
          "0.3333333333333333": 1.0,
          "0.5": 0.705,
          "0.6666666666666666": 1.0,
          "0.75": 0.694,
          "1.0": 0.784,
          "raw_difference": 0.6,
          "normalized_score": 0.4,
          "weight": 0.05,
          "total_samples": 248
        },
        "28": {
          "0.25": 0.333,
          "0.3333333333333333": 1.0,
          "0.5": 0.674,
          "0.6666666666666666": 1.0,
          "0.75": 0.537,
          "1.0": 0.835,
          "raw_difference": 0.667,
          "normalized_score": 0.333,
          "weight": 0.052,
          "total_samples": 258
        },
        "29": {
          "0.25": 0.276,
          "0.3333333333333333": 1.0,
          "0.5": 0.733,
          "0.6666666666666666": 1.0,
          "0.75": 0.417,
          "1.0": 0.797,
          "raw_difference": 0.724,
          "normalized_score": 0.276,
          "weight": 0.047,
          "total_samples": 234
        },
        "30": {
          "0.25": 0.273,
          "0.3333333333333333": 1.0,
          "0.5": 0.387,
          "0.6666666666666666": 1.0,
          "0.75": 0.345,
          "1.0": 0.679,
          "raw_difference": 0.727,
          "normalized_score": 0.273,
          "weight": 0.042,
          "total_samples": 212
        },
        "31": {
          "0.25": 0.24,
          "0.3333333333333333": 1.0,
          "0.5": 0.6,
          "0.6666666666666666": 1.0,
          "0.75": 0.519,
          "1.0": 0.5,
          "raw_difference": 0.76,
          "normalized_score": 0.24,
          "weight": 0.034,
          "total_samples": 171
        },
        "32": {
          "0.25": 0.182,
          "0.3333333333333333": 1.0,
          "0.5": 0.559,
          "0.6666666666666666": 1.0,
          "0.75": 0.5,
          "1.0": 0.62,
          "raw_difference": 0.818,
          "normalized_score": 0.182,
          "weight": 0.03,
          "total_samples": 152
        },
        "33": {
          "0.25": 0.435,
          "0.3333333333333333": 1.0,
          "0.5": 0.409,
          "0.6666666666666666": 1.0,
          "0.75": 0.37,
          "1.0": 0.604,
          "raw_difference": 0.63,
          "normalized_score": 0.37,
          "weight": 0.027,
          "total_samples": 133
        },
        "34": {
          "0.25": 0.095,
          "0.3333333333333333": 1.0,
          "0.5": 0.481,
          "0.6666666666666666": 1.0,
          "0.75": 0.05,
          "1.0": 0.522,
          "raw_difference": 0.95,
          "normalized_score": 0.05,
          "weight": 0.026,
          "total_samples": 129
        },
        "35": {
          "0.25": 0.2,
          "0.3333333333333333": 1.0,
          "0.5": 0.367,
          "0.6666666666666666": 1.0,
          "0.75": 0.185,
          "1.0": 0.409,
          "raw_difference": 0.815,
          "normalized_score": 0.185,
          "weight": 0.024,
          "total_samples": 119
        },
        "36": {
          "0.25": 0.045,
          "0.3333333333333333": 1.0,
          "0.5": 0.333,
          "0.6666666666666666": 1.0,
          "0.75": 0.161,
          "1.0": 0.459,
          "raw_difference": 0.955,
          "normalized_score": 0.045,
          "weight": 0.026,
          "total_samples": 129
        },
        "37": {
          "0.25": 0.0,
          "0.5": 0.35,
          "0.6666666666666666": 1.0,
          "0.75": 0.04,
          "1.0": 0.63,
          "raw_difference": 1.0,
          "normalized_score": 0.0,
          "weight": 0.019,
          "total_samples": 93
        },
        "38": {
          "0.25": 0.091,
          "0.5": 0.095,
          "0.75": 0.259,
          "1.0": 0.286,
          "raw_difference": 0.195,
          "normalized_score": 0.805,
          "weight": 0.02,
          "total_samples": 98
        },
        "39": {
          "0.25": 0.0,
          "0.5": 0.0,
          "0.75": 0.0,
          "1.0": 0.0,
          "raw_difference": 0.0,
          "normalized_score": 1.0,
          "weight": 0.017,
          "total_samples": 84
        },
        "40": {
          "0.25": 0.0,
          "0.5": 0.0,
          "0.75": 0.0,
          "1.0": 0.0,
          "raw_difference": 0.0,
          "normalized_score": 1.0,
          "weight": 0.015,
          "total_samples": 74
        },
        "41": {
          "0.25": 0.0,
          "0.5": 0.0,